Тип_имот,Локация-район,Площ_квм,Цена,Цена_кв.м,Телефон,Описание,Източник,Снимка_URL,Дата_обява,Спешност
друго,Варна,674,,,,към ALO.BG |,https://www.alo.bg/,template/images/alobg-sajt-za-obyavi.svg,,NO
друго,Варна,,,,,,https://www.imot.bg//www.imot.bg/obiava-7921-zhilishtna-sgrada-grad-varna-izgrev,//www.imot.bg/images/picturess/logo.svg,,NO
къща,"гр. Варна, Гръцка махала",173,345000,1994.22,,"Къща със самостоятелен двор в бутиков комплекс в Траката 674761.35 лв. / 345000 € | Навигиране до основното съдържание Навигиране до долен колонтитул Чат Нотификации Нотификации Твоят профил Добави обява Търсене Назад Заглавна страницаНедвижими имотиПродажбиКъщи, вилиКъщи, вили - Област ВарнаКъщи, вили - ВарнаКъщи, вили - Гръцка махала ПРОМОТИРАЙ ОБНОВИ Частна Цена на кв.м: 1994.22 Брой етажи на сградата: 2 Квадратура: 173 кв.м Квадратура на двора: 290 кв.м Година на строителство: 2026 г. Строителство: Тухла Отопление: Електричество Състояние на сградата: В строеж Особености: лизинг, паркинг,",https://www.olx.bg/d/ad/kascha-sas-samostoyatelen-dvor-v-butikov-kompleks-v-trakata-CID368-IDa0oXY.html?search_reason=search%7Cpromoted,https://frankfurt.apollo.olxcdn.com:443/v1/files/qsy45c0w5urc2-BG/image;s=216x152;q=50,Обновено на 07 юни 2026 г.,NO
друго,"гр. Варна, Център",,500,,,"Отдавам място за фризьор 977.92 лв. / 500 € | Навигиране до основното съдържание Навигиране до долен колонтитул Чат Нотификации Нотификации Твоят профил Добави обява Търсене Назад Заглавна страницаНедвижими имотиНаемиСалони за красотаСалони за красота - Област ВарнаСалони за красота - ВарнаСалони за красота - Център ПРОМОТИРАЙ ОБНОВИ Частна ОПИСАНИЕ Търся фризьорка за работа на наем в новооткрит, модерен салон в центъра на гр. Варна, разположен на главен булевард с отлична видимост и постоянен човекопоток. *Какво предлагаме: # Напълно оборудвано работно място: - фризьорски стол - измивна колон",https://www.olx.bg/d/ad/otdavam-myasto-za-frizor-CID368-ID9YGKT.html?search_reason=search%7Cpromoted,https://frankfurt.apollo.olxcdn.com:443/v1/files/1bstr1pv9agb2-BG/image;s=216x152;q=50,Обновено на 21 юни 2026 г.,NO
къща,"гр. Варна, м",40,115000,2875.0,,"Продавам къща в квартал Аспарухово 224920.45 лв. / 115000 € По договаряне | Навигиране до основното съдържание Навигиране до долен колонтитул Чат Нотификации Нотификации Твоят профил Добави обява Търсене Назад Заглавна страницаНедвижими имотиПродажбиКъщи, вилиКъщи, вили - Област ВарнаКъщи, вили - ВарнаКъщи, вили - м-т Боровец - север ПРОМОТИРАЙ ОБНОВИ Частна Цена на кв.м: 2875 Брой етажи на сградата: 3 Квадратура: 40 кв.м Квадратура на двора: 737 кв.м Година на строителство: 2008 г. Строителство: Тухла Отопление: Електричество Състояние на сградата: Завършена ОПИСАНИЕ Продавам поземлен имот в",https://www.olx.bg/d/ad/prodavam-kascha-v-kvartal-asparuhovo-CID368-IDa0uVx.html?search_reason=search%7Cpromoted,https://frankfurt.apollo.olxcdn.com:443/v1/files/7khmi9bmuyqh3-BG/image;s=216x152;q=50,Обновено на 22 юни 2026 г.,NO
парцел,"гр. Варна, м",800,500,0.62,,"Парцел под наем 977.92 лв. / 500 € | Навигиране до основното съдържание Навигиране до долен колонтитул Чат Нотификации Нотификации Твоят профил Добави обява Търсене Назад Заглавна страницаНедвижими имотиНаемиПарцелиПарцели - Област ВарнаПарцели - ВарнаПарцели - м-т Акчелар ПРОМОТИРАЙ ОБНОВИ Частна Цена на кв.м: 0.63 Квадратура: 800 кв.м Регулация: В регулация Вода: Без вода Ток: С ток ОПИСАНИЕ ПАРЦЕЛ ПОД НАЕМ – м-т Акчелар, Варна Отдавам под наем парцел в местност Акчелар, до Румънския завой, с отлична локация на главен път и 40 метра лице. Параметри на имота: Площ: 800 кв.м Лице към главен пъ",https://www.olx.bg/d/ad/partsel-pod-naem-CID368-ID9ZJ9X.html?search_reason=search%7Corganic,https://frankfurt.apollo.olxcdn.com:443/v1/files/m55dazev106w2-BG/image;s=216x152;q=50,Днес в 11:25 ч.,NO
парцел,"гр. Варна, ВИНС",8,30000,3750.0,,"Продавам нива 8 дка 58674.90 лв. / 30000 € | Навигиране до основното съдържание Навигиране до долен колонтитул Чат Нотификации Нотификации Твоят профил Добави обява Търсене Назад Заглавна страницаНедвижими имотиПродажбиЗемеделски имотиЗемеделски имоти - Област ВарнаЗемеделски имоти - ВарнаЗемеделски имоти - ВИНС ПРОМОТИРАЙ ОБНОВИ Частна Цена на декар: 3750 Площ в декари: 8 дка Тип: Нива Категория земя: 6 Аренден договор: Без аренден договор Особености: до път ОПИСАНИЕ Продавам необработваема нива 8 декара в местност Перчемлията, Варна. ID: 140106504 Докладвай Влез в своя OLX акаунт или създай",https://www.olx.bg/d/ad/prodavam-niva-8-dka-CID368-ID9tS6k.html?search_reason=search%7Corganic,https://frankfurt.apollo.olxcdn.com:443/v1/files/9hgzwlbes8dg3-BG/image;s=216x152;q=50,Днес в 11:14 ч.,NO
апартамент,"гр. Варна, Център",77,280000,3636.36,,Продажба на апартамент 547632.40 лв. / 280000 € | Навигиране до основното съдържание Навигиране до долен колонтитул Чат Нотификации Нотификации Твоят профил Добави обява Търсене Назад Заглавна страницаНедвижими имотиПродажбиАпартаментиАпартаменти - Област ВарнаАпартаменти - ВарнаАпартаменти - Център ПРОМОТИРАЙ ОБНОВИ Частна Цена на кв.м: 3636.36 Тип апартамент: 2 - стаен Квадратура: 77 кв.м Година на строителство: 1977 г. Строителство: Тухла Етаж: 3-ти Брой етажи на сградата: 14 Последен етаж Отопление: Електричество Обзавеждане: Необзаведен Състояние на сградата: Завършена Преход: Без преход,https://www.olx.bg/d/ad/prodazhba-na-apartament-CID368-IDa2uYb.html?search_reason=search%7Corganic,/app/static/media/no_thumbnail.15f456ec5.svg,Днес в 10:09 ч.,NO
апартамент,"гр. Варна, Колхозен пазар",25,300,12.0,,"Давам под наем едностаен апартамент 586.75 лв. / 300 € | Навигиране до основното съдържание Навигиране до долен колонтитул Чат Нотификации Нотификации Твоят профил Добави обява Търсене Назад Заглавна страницаНедвижими имотиНаемиАпартаментиАпартаменти - Област ВарнаАпартаменти - ВарнаАпартаменти - Колхозен пазар ПРОМОТИРАЙ ОБНОВИ Частна Цена на кв.м: 12 Тип апартамент: 1 - стаен Квадратура: 25 кв.м Година на строителство: 2022 г. Строителство: Тухла Етаж: 1-ви Брой етажи на сградата: 5 Последен етаж Отопление: Електричество Обзавеждане: Обзаведен Преход: Без преход Особености: асансьор, интерне",https://www.olx.bg/d/ad/davam-pod-naem-ednostaen-apartament-CID368-IDa2uDy.html?search_reason=search%7Corganic,https://frankfurt.apollo.olxcdn.com:443/v1/files/f84b0znw7xor3-BG/image;s=216x152;q=50,Днес в 08:12 ч.,NO
гараж,"гр. Варна, Трошево",20,100,5.0,,"Подземно паркомясто под наем 195.58 лв. / 100 € | Навигиране до основното съдържание Навигиране до долен колонтитул Чат Нотификации Нотификации Твоят профил Добави обява Търсене Назад Заглавна страницаНедвижими имотиНаемиГаражи, паркоместаГаражи, паркоместа - Област ВарнаГаражи, паркоместа - ВарнаГаражи, паркоместа - Трошево ПРОМОТИРАЙ ОБНОВИ Частна Цена на кв.м: 5 Квадратура: 20 кв.м Вода: Без вода Ток: С ток ОПИСАНИЕ Дава се подземно паркомясто под наем. гр. Варна, кв. Трошево, ул. Добрин Василев, 21. ID: 147714917 Докладвай Влез в своя OLX акаунт или създай нов, за да се свържеш с този прод",https://www.olx.bg/d/ad/podzemno-parkomyasto-pod-naem-CID368-ID9ZNoF.html?search_reason=search%7Corganic,https://frankfurt.apollo.olxcdn.com:443/v1/files/vyo3bjz1pe8p3-BG/image;s=216x152;q=50,Днес в 07:54 ч.,NO
апартамент,"гр. Варна, Чаталджа",89,800,8.99,,"Четиристаен апартамент, Чаталджа ОТ СОБСТВЕНИК 1564.66 лв. / 800 € | Навигиране до основното съдържание Навигиране до долен колонтитул Чат Нотификации Нотификации Твоят профил Добави обява Търсене Назад Заглавна страницаНедвижими имотиНаемиАпартаментиАпартаменти - Област ВарнаАпартаменти - ВарнаАпартаменти - Чаталджа ПРОМОТИРАЙ ОБНОВИ Частна Цена на кв.м: 8.99 Тип апартамент: 4 - стаен Квадратура: 89 кв.м Година на строителство: 1991 г. Строителство: Панел Етаж: 4-ти Брой етажи на сградата: 9 Последен етаж Отопление: Електричество Обзавеждане: Обзаведен Преход: Без преход Особености: асансьор,",https://www.olx.bg/d/ad/chetiristaen-apartament-chataldzha-ot-sobstvenik-CID368-IDa1VMW.html?search_reason=search%7Corganic,https://frankfurt.apollo.olxcdn.com:443/v1/files/wwm7kqfpjlbp2-BG/image;s=216x152;q=50,Обновено днес в 07:00 ч.,NO
апартамент,"гр. Варна, Владислав Варненчик",120,400,3.33,,Апартамент под наем 782.33 лв. / 400 € По договаряне | Навигиране до основното съдържание Навигиране до долен колонтитул Чат Нотификации Нотификации Твоят профил Добави обява Търсене Назад Заглавна страницаНедвижими имотиНаемиАпартаментиАпартаменти - Област ВарнаАпартаменти - ВарнаАпартаменти - Владислав Варненчик ПРОМОТИРАЙ ОБНОВИ Частна Цена на кв.м: 3.33 Тип апартамент: 4 - стаен Квадратура: 120 кв.м Година на строителство: 1990 г. Строителство: Панел Етаж: 4-ти Брой етажи на сградата: 8 Последен етаж Отопление: Електричество Обзавеждане: Полуобзаведен Преход: Без преход ОПИСАНИЕ Отдавам ап,https://www.olx.bg/d/ad/apartament-pod-naem-CID368-IDa2rzX.html?search_reason=search%7Corganic,/app/static/media/no_thumbnail.15f456ec5.svg,Днес в 06:45 ч.,NO
гараж,"гр. Варна, Трошево",17,130,7.65,,"Гараж, под наем, Варна, кв. Трошево 254.26 лв. / 130 € | Навигиране до основното съдържание Навигиране до долен колонтитул Чат Нотификации Нотификации Твоят профил Добави обява Търсене Назад Заглавна страницаНедвижими имотиНаемиГаражи, паркоместаГаражи, паркоместа - Област ВарнаГаражи, паркоместа - ВарнаГаражи, паркоместа - Трошево ПРОМОТИРАЙ ОБНОВИ Частна Цена на кв.м: 7.65 Квадратура: 17 кв.м Вода: Без вода Ток: С ток ОПИСАНИЕ Отдавам самостоятелен гараж под наем в района на кв. Трошево, ул. Радост. Височина- 1,9, ширина- 2,5м., дълбочина- 5,6м. Има ток в помещението. Отдава се дългосрочно.",https://www.olx.bg/d/ad/garazh-pod-naem-varna-kv-troshevo-CID368-IDa2umC.html?search_reason=search%7Corganic,/app/static/media/no_thumbnail-x.44c616dc8.svg,Днес в 06:22 ч.,NO
апартамент,"гр. Варна, Кайсиева градина",72,169900,2359.72,,"Обзаведен ТРИСТАЕН апартамент, кв. КАЙСИЕВА ГРАДИНА, гр. ВАРНА 332295.52 лв. / 169900 € | Навигиране до основното съдържание Навигиране до долен колонтитул Чат Нотификации Нотификации Твоят профил Добави обява Търсене Назад Заглавна страницаНедвижими имотиПродажбиАпартаментиАпартаменти - Област ВарнаАпартаменти - ВарнаАпартаменти - Кайсиева градина ПРОМОТИРАЙ ОБНОВИ Частна Цена на кв.м: 2359.72 Тип апартамент: 3 - стаен Квадратура: 72 кв.м Година на строителство: 1989 г. Строителство: Панел Етаж: 3-ти Брой етажи на сградата: 8 Последен етаж Отопление: ТЕЦ Обзавеждане: Обзаведен Състояние на сг",https://www.olx.bg/d/ad/obzaveden-tristaen-apartament-kv-kaysieva-gradina-gr-varna-CID368-IDa2uaQ.html?search_reason=search%7Corganic,https://frankfurt.apollo.olxcdn.com:443/v1/files/ee7fn05ia3x83-BG/image;s=216x152;q=50,22 юни 2026 г.,NO
апартамент,"гр. Варна, Аспарухово",86,750,8.72,,"Тристаен апартамент с гараж в Аспарухово 1466.87 лв. / 750 € | Навигиране до основното съдържание Навигиране до долен колонтитул Чат Нотификации Нотификации Твоят профил Добави обява Търсене Назад Заглавна страницаНедвижими имотиНаемиАпартаментиАпартаменти - Област ВарнаАпартаменти - ВарнаАпартаменти - Аспарухово ПРОМОТИРАЙ ОБНОВИ Частна Цена на кв.м: 8.72 Тип апартамент: 3 - стаен Квадратура: 86 кв.м Година на строителство: 2025 г. Строителство: Тухла Етаж: 4-ти Брой етажи на сградата: 7 Последен етаж Отопление: Електричество Обзавеждане: Обзаведен Преход: Без преход Особености: асансьор, гар",https://www.olx.bg/d/ad/tristaen-apartament-s-garazh-v-asparuhovo-CID368-IDa2tYL.html?search_reason=search%7Corganic,https://frankfurt.apollo.olxcdn.com:443/v1/files/6ge1t96it8b81-BG/image;s=216x152;q=50,22 юни 2026 г.,NO
апартамент,"гр. Варна, Младост 2",63,83500,1325.4,,Двустаен акт 14!!! 163311.81 лв. / 83500 € | Навигиране до основното съдържание Навигиране до долен колонтитул Чат Нотификации Нотификации Твоят профил Добави обява Търсене Назад Заглавна страницаНедвижими имотиПродажбиАпартаментиАпартаменти - Област ВарнаАпартаменти - ВарнаАпартаменти - Младост 2 ПРОМОТИРАЙ ОБНОВИ Частна Цена на кв.м: 1325.40 Тип апартамент: 2 - стаен Квадратура: 63 кв.м Година на строителство: 2027 г. Строителство: Тухла Етаж: 9-ти Брой етажи на сградата: 9 Последен етаж Отопление: Електричество Обзавеждане: Необзаведен Състояние на сградата: В строеж Преход: Без преход ОПИС,https://www.olx.bg/d/ad/dvustaen-akt-14-CID368-ID9XKhe.html?search_reason=search%7Cpromoted,/app/static/media/no_thumbnail.15f456ec5.svg,Обновено на 21 юни 2026 г.,NO
апартамент,"гр. Варна, Автогара",100,540,5.4,,"Тристаен апартамент под наем -Център гр.Варна 1056.15 лв. / 540 € | Навигиране до основното съдържание Навигиране до долен колонтитул Чат Нотификации Нотификации Твоят профил Добави обява Търсене Назад Заглавна страницаНедвижими имотиНаемиАпартаментиАпартаменти - Област ВарнаАпартаменти - ВарнаАпартаменти - Автогара ПРОМОТИРАЙ ОБНОВИ Частна Цена на кв.м: 5.40 Тип апартамент: 3 - стаен Квадратура: 100 кв.м Година на строителство: 1997 г. Строителство: Тухла Етаж: 3-ти Брой етажи на сградата: 10 Последен етаж Отопление: Електричество Обзавеждане: Обзаведен Преход: С преход Особености: асансьор,",https://www.olx.bg/d/ad/tristaen-apartament-pod-naem-tsentar-gr-varna-CID368-IDa0J8z.html?search_reason=search%7Cpromoted,https://frankfurt.apollo.olxcdn.com:443/v1/files/3bpixx94r6ls1-BG/image;s=216x152;q=50,Обновено на 22 юни 2026 г.,NO
друго,"гр. Варна, Военна болница",65,26,0.4,,"Зала под наем за събития, рождени дни, арт работилници 50 лв. / 25.56 € По договаряне | Навигиране до основното съдържание Навигиране до долен колонтитул Чат Нотификации Нотификации Твоят профил Добави обява Търсене Назад Заглавна страницаНедвижими имотиНаемиЗаведенияЗаведения - Област ВарнаЗаведения - ВарнаЗаведения - Военна болница ПРОМОТИРАЙ ОБНОВИ Частна Цена на кв.м: 0.77 Квадратура: 65 кв.м Година на строителство: 2020 г. Строителство: Друго Отопление: Газ Особености: действащ бизнес ОПИСАНИЕ Зала под наем – „СъТворение“ – уют и стил за вашето събитие! Предлагаме модерна и красиво обзаве",https://www.olx.bg/d/ad/zala-pod-naem-za-sabitiya-rozhdeni-dni-art-rabotilnitsi-CID368-ID9Lf2s.html?search_reason=search%7Cpromoted,https://frankfurt.apollo.olxcdn.com:443/v1/files/padj5jaggnnw2-BG/image;s=216x152;q=50,19 юни 2026 г.,NO
гараж,"гр. Варна, Военна болница",150,1200,8.0,,"Складови помещения 2347 лв. / 1200 € | Навигиране до основното съдържание Навигиране до долен колонтитул Чат Нотификации Нотификации Твоят профил Добави обява Търсене Назад Заглавна страницаНедвижими имотиНаемиСкладовеСкладове - Област ВарнаСкладове - ВарнаСкладове - Военна болница ПРОМОТИРАЙ ОБНОВИ Частна Цена на кв.м: 8 Квадратура: 150 кв.м Година на строителство: 2026 г. Строителство: ЕПК Отопление: Локално Особености: електричество, гараж, паркинг, трифазно електричество, водопровод ОПИСАНИЕ Сервиз от три клетки,в едната има канал,санитарен възел,битовка и отделно помещение за компресор. Т",https://www.olx.bg/d/ad/skladovi-pomescheniya-CID368-ID9Zy1V.html?search_reason=search%7Corganic,https://frankfurt.apollo.olxcdn.com:443/v1/files/gp11eavyc5zf3-BG/image;s=216x152;q=50,22 юни 2026 г.,NO
парцел,"гр. Варна, Младост 2",600,59800,99.67,,"Парцел с.Звездица 116958.63 лв. / 59800 € | Навигиране до основното съдържание Навигиране до долен колонтитул Чат Нотификации Нотификации Твоят профил Добави обява Търсене Назад Заглавна страницаНедвижими имотиПродажбиПарцелиПарцели - Област ВарнаПарцели - ВарнаПарцели - Младост 2 ПРОМОТИРАЙ ОБНОВИ Частна Цена на кв.м: 99.67 Квадратура: 600 кв.м Регулация: В регулация Вода: Без вода Ток: С ток Особености: обезщетение ОПИСАНИЕ Продаваме парцел 600кв.м село Звездица ток с партида ID: 147747695 Докладвай Влез в своя OLX акаунт или създай нов, за да се свържеш с този продавач Влез или се регистрир",https://www.olx.bg/d/ad/partsel-s-zvezditsa-CID368-ID9ZWWl.html?search_reason=search%7Corganic,https://frankfurt.apollo.olxcdn.com:443/v1/files/26p2p73jcdj02-BG/image;s=216x152;q=50,22 юни 2026 г.,NO
гараж,"гр. Варна, Възраждане 3",40,450,11.25,,Под наем гараж и магазин Трошево 880.12 лв. / 450 € | Навигиране до основното съдържание Навигиране до долен колонтитул Чат Нотификации Нотификации Твоят профил Добави обява Търсене Назад Заглавна страницаНедвижими имотиНаемиМагазиниМагазини - Област ВарнаМагазини - ВарнаМагазини - Възраждане 3 ПРОМОТИРАЙ ОБНОВИ Частна Цена на кв.м: 11.25 Местоположение: цяла самостоятелна сграда Квадратура: 40 кв.м Година на строителство: 2015 г. Строителство: Тухла Брой етажи на сградата: 5 Отопление: Електричество ОПИСАНИЕ Дава се помещение 40кв под наем в квартал трошево. Помещенията се намират в сграда но,https://www.olx.bg/d/ad/pod-naem-garazh-i-magazin-troshevo-CID368-IDa0UoQ.html?search_reason=search%7Corganic,/app/static/media/no_thumbnail-x.44c616dc8.svg,Обновено на 22 юни 2026 г.,NO
апартамент,"гр. Варна, Автогара",42,500,11.9,,"Апартамент под наем, Варна 977.92 лв. / 500 € | Навигиране до основното съдържание Навигиране до долен колонтитул Чат Нотификации Нотификации Твоят профил Добави обява Търсене Назад Заглавна страницаНедвижими имотиНаемиАпартаментиАпартаменти - Област ВарнаАпартаменти - ВарнаАпартаменти - Автогара ПРОМОТИРАЙ ОБНОВИ Частна Цена на кв.м: 11.90 Тип апартамент: 1 - стаен Квадратура: 42 кв.м Година на строителство: 2023 г. Строителство: Тухла Етаж: 7-ми Брой етажи на сградата: 8 Отопление: Електричество Обзавеждане: Обзаведен Преход: С преход Особености: асансьор, готварска печка, хладилник, климати",https://www.olx.bg/d/ad/apartament-pod-naem-varna-CID368-IDa2tvS.html?search_reason=search%7Corganic,https://frankfurt.apollo.olxcdn.com:443/v1/files/u2f7uei6xctn2-BG/image;s=216x152;q=50,22 юни 2026 г.,NO
апартамент,"гр. Варна, Зимно кино Тракия",55,400,7.27,,Двустаен апартамент център 782.33 лв. / 400 € | Навигиране до основното съдържание Навигиране до долен колонтитул Чат Нотификации Нотификации Твоят профил Добави обява Търсене Назад Заглавна страницаНедвижими имотиНаемиАпартаментиАпартаменти - Област ВарнаАпартаменти - ВарнаАпартаменти - Зимно кино Тракия ПРОМОТИРАЙ ОБНОВИ Частна Цена на кв.м: 7.27 Тип апартамент: 2 - стаен Квадратура: 55 кв.м Година на строителство: 2010 г. Строителство: Тухла Етаж: Партер Брой етажи на сградата: 4 Последен етаж Отопление: Електричество Обзавеждане: Обзаведен Преход: Без преход ОПИСАНИЕ Давам под наем двустае,https://www.olx.bg/d/ad/dvustaen-apartament-tsentar-CID368-IDa1CR6.html?search_reason=search%7Corganic,https://frankfurt.apollo.olxcdn.com:443/v1/files/hp2kwtv0u37l2-BG/image;s=216x152;q=50,Обновено на 22 юни 2026 г.,NO
апартамент,"гр. Варна, Бриз",86,169000,1965.12,,Продавам 3 стаен с двор Бриз 330535.27 лв. / 169000 € | Навигиране до основното съдържание Навигиране до долен колонтитул Чат Нотификации Нотификации Твоят профил Добави обява Търсене Назад Заглавна страницаНедвижими имотиПродажбиАпартаментиАпартаменти - Област ВарнаАпартаменти - ВарнаАпартаменти - Бриз ПРОМОТИРАЙ ОБНОВИ Частна Цена на кв.м: 1965.12 Тип апартамент: 3 - стаен Квадратура: 86 кв.м Година на строителство: 2015 г. Строителство: Тухла Етаж: Партер Брой етажи на сградата: 5 Последен етаж Отопление: Електричество Обзавеждане: Обзаведен Състояние на сградата: Завършена Преход: С преход,https://www.olx.bg/d/ad/prodavam-3-staen-s-dvor-briz-CID368-IDa1hhr.html?search_reason=search%7Corganic,https://frankfurt.apollo.olxcdn.com:443/v1/files/rqfaflsacv7y-BG/image;s=216x152;q=50,22 юни 2026 г.,NO
апартамент,"гр. Варна, ХЕИ",195,479000,2456.41,,"Уникален луксозен пентхаус 194,68 кв.м. с гараж, асансьор и цял последен етаж в центъра на Варна 936842.57 лв. / 479000 € | Навигиране до основното съдържание Навигиране до долен колонтитул Чат Нотификации Нотификации Твоят профил Добави обява Търсене Назад Заглавна страницаНедвижими имотиПродажбиАпартаментиАпартаменти - Област ВарнаАпартаменти - ВарнаАпартаменти - ХЕИ ПРОМОТИРАЙ ОБНОВИ Частна Цена на кв.м: 2456.41 Тип апартамент: многостаен Квадратура: 195 кв.м Година на строителство: 2005 г. Строителство: Тухла Етаж: 5-ти Брой етажи на сградата: 5 Последен етаж Отопление: Електричество Обзав",https://www.olx.bg/d/ad/unikalen-luksozen-penthaus-194-68-kv-m-s-garazh-asansor-i-tsyal-posleden-etazh-v-tsentara-na-varna-CID368-IDa2fBm.html?search_reason=search%7Corganic,https://frankfurt.apollo.olxcdn.com:443/v1/files/tq5s9l0vb5nw-BG/image;s=216x152;q=50,Обновено на 22 юни 2026 г.,NO
парцел,"гр. Варна, Бизнес парк Варна",430,79000,183.72,,"Парцел Кабакум Варна 154510.57 лв. / 79000 € | Навигиране до основното съдържание Навигиране до долен колонтитул Чат Нотификации Нотификации Твоят профил Добави обява Търсене Назад Заглавна страницаНедвижими имотиПродажбиПарцелиПарцели - Област ВарнаПарцели - ВарнаПарцели - Бизнес парк Варна ПРОМОТИРАЙ ОБНОВИ Частна Цена на кв.м: 183.72 Квадратура: 430 кв.м Регулация: В регулация Вода: С вода Ток: С ток Особености: канализация, жил.строителство ОПИСАНИЕ Уникален имот к-к Чайка Кабакум Панорама плаж.70%равен вода ток на границата.Скоро прекаран мръсен канал в района ел .табло на границата грани",https://www.olx.bg/d/ad/partsel-kabakum-varna-CID368-IDa2t0U.html?search_reason=search%7Corganic,https://frankfurt.apollo.olxcdn.com:443/v1/files/141dk4zrj2243-BG/image;s=216x152;q=50,22 юни 2026 г.,NO
гараж,"гр. Варна, Левски",24,220,9.17,,"Отдавам под наем удобен Гараж в гр. Варна, Базар Левски 430.28 лв. / 220 € | Навигиране до основното съдържание Навигиране до долен колонтитул Чат Нотификации Нотификации Твоят профил Добави обява Търсене Назад Заглавна страницаНедвижими имотиНаемиГаражи, паркоместаГаражи, паркоместа - Област ВарнаГаражи, паркоместа - ВарнаГаражи, паркоместа - Левски ПРОМОТИРАЙ ОБНОВИ Частна Цена на кв.м: 9.17 Квадратура: 24 кв.м Вода: С вода Ток: С ток ОПИСАНИЕ Отдавам под наем просторен и удобен гараж в чисто нова кооперация. Неползван досега. Идеален за паркиране на SUV, лек автомобил или за допълнително ск",https://www.olx.bg/d/ad/otdavam-pod-naem-udoben-garazh-v-gr-varna-bazar-levski-CID368-IDa2sQe.html?search_reason=search%7Corganic,https://frankfurt.apollo.olxcdn.com:443/v1/files/0o63gzxshiju1-BG/image;s=216x152;q=50,22 юни 2026 г.,NO
гараж,"гр. Варна, Галата",200,340000,1700.0,,"Tuida комплекс от къщи 664982.20 лв. / 340000 € | Навигиране до основното съдържание Навигиране до долен колонтитул Чат Нотификации Нотификации Твоят профил Добави обява Търсене Назад Заглавна страницаНедвижими имотиПродажбиКъщи, вилиКъщи, вили - Област ВарнаКъщи, вили - ВарнаКъщи, вили - Галата ПРОМОТИРАЙ ОБНОВИ Частна Цена на кв.м: 1700 Брой етажи на сградата: 2 Квадратура: 200 кв.м Квадратура на двора: 200 кв.м Година на строителство: 2026 г. Строителство: Тухла Отопление: Без отопление Състояние на сградата: В строеж Особености: канализация, паркинг, затворен комплекс ОПИСАНИЕ TUIDA Reside",https://www.olx.bg/d/ad/tuida-kompleks-ot-kaschi-CID368-ID9YP2P.html?search_reason=search%7Cpromoted,https://frankfurt.apollo.olxcdn.com:443/v1/files/aypjgf9n3gkv3-BG/image;s=216x152;q=50,Обновено на 21 юни 2026 г.,NO
апартамент,"гр. Варна, Гръцка махала",66,800,12.12,,"Под наем апартамент ""Морски бриз"" в иделния център на Варна 1564.66 лв. / 800 € | Навигиране до основното съдържание Навигиране до долен колонтитул Чат Нотификации Нотификации Твоят профил Добави обява Търсене Назад Заглавна страницаНедвижими имотиНаемиАпартаментиАпартаменти - Област ВарнаАпартаменти - ВарнаАпартаменти - Гръцка махала ПРОМОТИРАЙ ОБНОВИ Частна Цена на кв.м: 12.12 Тип апартамент: 2 - стаен Квадратура: 66 кв.м Година на строителство: 2016 г. Строителство: Тухла Етаж: 4-ти Брой етажи на сградата: 4 Последен етаж Отопление: Електричество Обзавеждане: Обзаведен Преход: Без преход Ос",https://www.olx.bg/d/ad/pod-naem-apartament-morski-briz-v-idelniya-tsentar-na-varna-CID368-ID9NPOT.html?search_reason=search%7Cpromoted,https://frankfurt.apollo.olxcdn.com:443/v1/files/0v5bnxu5hpsm-BG/image;s=216x152;q=50,Обновено на 22 юни 2026 г.,NO
апартамент,"гр. Варна, Конфуто",60,600,10.0,,"Двустаен апартамент под наем - Конфуто 1173.50 лв. / 600 € | Навигиране до основното съдържание Навигиране до долен колонтитул Чат Нотификации Нотификации Твоят профил Добави обява Търсене Назад Заглавна страницаНедвижими имотиНаемиАпартаментиАпартаменти - Област ВарнаАпартаменти - ВарнаАпартаменти - Конфуто ПРОМОТИРАЙ ОБНОВИ Частна Цена на кв.м: 10 Тип апартамент: 2 - стаен Квадратура: 60 кв.м Година на строителство: 1990 г. Строителство: Тухла Етаж: 1-ви Брой етажи на сградата: 6 Последен етаж Отопление: Електричество Обзавеждане: Обзаведен Преход: Без преход Особености: готварска печка, хла",https://www.olx.bg/d/ad/dvustaen-apartament-pod-naem-konfuto-CID368-IDa2cSY.html?search_reason=search%7Cpromoted,https://frankfurt.apollo.olxcdn.com:443/v1/files/nxrqwam3kei11-BG/image;s=216x152;q=50,Обновено на 21 юни 2026 г.,NO
парцел,"гр. Варна, м",22,23100,1050.0,,"22 дка нива в село Кипра 45179.67 лв. / 23100 € | Навигиране до основното съдържание Навигиране до долен колонтитул Чат Нотификации Нотификации Твоят профил Добави обява Търсене Назад Заглавна страницаНедвижими имотиПродажбиЗемеделски имотиЗемеделски имоти - Област ВарнаЗемеделски имоти - ВарнаЗемеделски имоти - м-т Траката ПРОМОТИРАЙ ОБНОВИ Частна Цена на декар: 1050 Площ в декари: 22 дка Тип: Нива Категория земя: 5 Аренден договор: С аренден договор Особености: до път ОПИСАНИЕ Продавам собствен поземлен имот от 22 дка в землището на с. Кипра, общ. Девня, с лице към автомагистрала „Хемус“. Ос",https://www.olx.bg/d/ad/22-dka-niva-v-selo-kipra-CID368-IDa06Fs.html?search_reason=search%7Corganic,https://frankfurt.apollo.olxcdn.com:443/v1/files/9z39fb07jg6g2-BG/image;s=216x152;q=50,22 юни 2026 г.,NO
гараж,"гр. Варна, Гръцка махала",47,80000,1702.13,,"Подземен гараж в гр. Варна Под Операта 156466.40 лв. / 80000 € | Навигиране до основното съдържание Навигиране до долен колонтитул Чат Нотификации Нотификации Твоят профил Добави обява Търсене Назад Заглавна страницаНедвижими имотиПродажбиГаражи, паркоместаГаражи, паркоместа - Област ВарнаГаражи, паркоместа - ВарнаГаражи, паркоместа - Гръцка махала ПРОМОТИРАЙ ОБНОВИ Частна Цена на кв.м: 1702.13 Квадратура: 47 кв.м Вода: Без вода Ток: С ток ОПИСАНИЕ гр. варна, Под Операта, 47 кв.м, Тухла 2009 г. БЕЗ ПОСРЕДНИК! Собственик продава подземен ГАРАЖ на второ подземно ниво, ново строителство, в жилищн",https://www.olx.bg/d/ad/podzemen-garazh-v-gr-varna-pod-operata-CID368-ID93mr5.html?search_reason=search%7Corganic,/app/static/media/no_thumbnail.15f456ec5.svg,22 юни 2026 г.,NO
парцел,"гр. Варна, Чаталджа",1000,15000,15.0,,"Парцел вилна зона с.Осеново 29337.45 лв. / 15000 € | Навигиране до основното съдържание Навигиране до долен колонтитул Чат Нотификации Нотификации Твоят профил Добави обява Търсене Назад Заглавна страницаНедвижими имотиПродажбиПарцелиПарцели - Област ВарнаПарцели - ВарнаПарцели - Чаталджа ПРОМОТИРАЙ ОБНОВИ Частна Цена на кв.м: 15 Квадратура: 1000 кв.м Регулация: Извън регулация Вода: Без вода Ток: С ток ОПИСАНИЕ Площ - 1 дка С гледка към Албена и Балчик. Има действаща партида за ток. Има проект за постройка. Частна обява. ID: 144322927 Докладвай Влез в своя OLX акаунт или създай нов, за да се",https://www.olx.bg/d/ad/partsel-vilna-zona-s-osenovo-CID368-ID9LyZ9.html?search_reason=search%7Corganic,https://frankfurt.apollo.olxcdn.com:443/v1/files/y190o2l72mfs2-BG/image;s=216x152;q=50,22 юни 2026 г.,NO
търговски,"гр. Варна, Гранд Мол Варна",170,250000,1470.59,,Магазин Централна Локация до Гранд Мол Варна 488957.50 лв. / 250000 € | Навигиране до основното съдържание Навигиране до долен колонтитул Чат Нотификации Нотификации Твоят профил Добави обява Търсене Назад Заглавна страницаНедвижими имотиПродажбиМагазиниМагазини - Област ВарнаМагазини - ВарнаМагазини - Гранд Мол Варна ПРОМОТИРАЙ ОБНОВИ Частна Цена на кв.м: 1470.59 Местоположение: на търговска улица Квадратура: 170 кв.м Година на строителство: 2007 г. Строителство: Тухла Брой етажи на сградата: 6 Отопление: Прокарва се ОПИСАНИЕ Продава се търговски обект с отлична локация до Гранд Мол Варна Пре,https://www.olx.bg/d/ad/magazin-tsentralna-lokatsiya-do-grand-mol-varna-CID368-IDa2sor.html?search_reason=search%7Corganic,https://frankfurt.apollo.olxcdn.com:443/v1/files/y6thbz68w4zf3-BG/image;s=216x152;q=50,22 юни 2026 г.,NO
апартамент,"гр. Варна, Възраждане 4",82,570,6.95,,"3-стаен апартамент под наем от собственик 1114.82 лв. / 570 € | Навигиране до основното съдържание Навигиране до долен колонтитул Чат Нотификации Нотификации Твоят профил Добави обява Търсене Назад Заглавна страницаНедвижими имотиНаемиАпартаментиАпартаменти - Област ВарнаАпартаменти - ВарнаАпартаменти - Възраждане 4 ПРОМОТИРАЙ ОБНОВИ Частна Цена на кв.м: 6.95 Тип апартамент: 3 - стаен Квадратура: 82 кв.м Година на строителство: 1988 г. Строителство: Панел Етаж: 8-ми Брой етажи на сградата: 8 Последен етаж Отопление: Електричество Обзавеждане: Обзаведен Преход: С преход Особености: асансьор, го",https://www.olx.bg/d/ad/3-staen-apartament-pod-naem-ot-sobstvenik-CID368-ID9ZPRj.html?search_reason=search%7Corganic,https://frankfurt.apollo.olxcdn.com:443/v1/files/8dgdy8ebg9a21-BG/image;s=216x152;q=50,22 юни 2026 г.,NO
апартамент,"гр. Варна, Цветен квартал",61,163000,2672.13,,Просторен двустаен-три отделни стаи. След основен ремонт. От собственик 318800.29 лв. / 163000 € | Навигиране до основното съдържание Навигиране до долен колонтитул Чат Нотификации Нотификации Твоят профил Добави обява Търсене Назад Заглавна страницаНедвижими имотиПродажбиАпартаментиАпартаменти - Област ВарнаАпартаменти - ВарнаАпартаменти - Цветен квартал ПРОМОТИРАЙ ОБНОВИ Частна Цена на кв.м: 2672.13 Тип апартамент: 2 - стаен Квадратура: 61 кв.м Година на строителство: 1972 г. Строителство: Панел Етаж: 1-ви Брой етажи на сградата: 8 Последен етаж Отопление: Електричество Обзавеждане: Полуобза,https://www.olx.bg/d/ad/prostoren-dvustaen-tri-otdelni-stai-sled-osnoven-remont-ot-sobstvenik-CID368-ID9Zjz7.html?search_reason=search%7Corganic,https://frankfurt.apollo.olxcdn.com:443/v1/files/ie5epurcdjku-BG/image;s=216x152;q=50,Обновено на 22 юни 2026 г.,NO
гараж,"гр. Варна, Левски",15,90,6.0,,"Паркомясто под наем 176.02 лв. / 90 € | Навигиране до основното съдържание Навигиране до долен колонтитул Чат Нотификации Нотификации Твоят профил Добави обява Търсене Назад Заглавна страницаНедвижими имотиНаемиГаражи, паркоместаГаражи, паркоместа - Област ВарнаГаражи, паркоместа - ВарнаГаражи, паркоместа - Левски ПРОМОТИРАЙ ОБНОВИ Частна Цена на кв.м: 6 Квадратура: 15 кв.м Вода: Без вода Ток: Без ток ОПИСАНИЕ Варна, улица Дубровник, подземно паркомясто. ID: 148348137 Преглеждания: 9 Докладвай Влез в своя OLX акаунт или създай нов, за да се свържеш с този продавач Влез или се регистрирай КОНТА",https://www.olx.bg/d/ad/parkomyasto-pod-naem-CID368-IDa2s7T.html?search_reason=search%7Corganic,/app/static/media/no_thumbnail.15f456ec5.svg,22 юни 2026 г.,NO
апартамент,"гр. Варна, Владислав Варненчик",80,350,4.38,,Тристаен апартамент във Владиславово 80кв.м. 684.54 лв. / 350 € | Навигиране до основното съдържание Навигиране до долен колонтитул Чат Нотификации Нотификации Твоят профил Добави обява Търсене Назад Заглавна страницаНедвижими имотиНаемиАпартаментиАпартаменти - Област ВарнаАпартаменти - ВарнаАпартаменти - Владислав Варненчик ПРОМОТИРАЙ ОБНОВИ Частна Цена на кв.м: 4.38 Тип апартамент: многостаен Квадратура: 80 кв.м Година на строителство: 1999 г. Строителство: Тухла Етаж: 9-ти Брой етажи на сградата: 9 Последен етаж Отопление: Електричество Обзавеждане: Обзаведен Преход: Без преход Особености:,https://www.olx.bg/d/ad/tristaen-apartament-vav-vladislavovo-80kv-m-CID368-ID9ZSvF.html?search_reason=search%7Corganic,/app/static/media/no_thumbnail.15f456ec5.svg,22 юни 2026 г.,NO
друго,"гр. Варна, Център",50,40000,800.0,,"Суши Бар, Продава се бизнес гр.Варна 78233.20 лв. / 40000 € По договаряне | Навигиране до основното съдържание Навигиране до долен колонтитул Чат Нотификации Нотификации Твоят профил Добави обява Търсене Назад Заглавна страницаНедвижими имотиПродажбиЗаведенияЗаведения - Област ВарнаЗаведения - ВарнаЗаведения - Център ПРОМОТИРАЙ ОБНОВИ Частна Цена на кв.м: 800 Квадратура: 50 кв.м Година на строителство: 2000 г. Строителство: Тухла Отопление: Електричество Особености: действащ бизнес ОПИСАНИЕ Продава се разрабоен бизнес от 5 години. Постоянна клиентела. Най - висок рейтинг в бранша си. Нисък нае",https://www.olx.bg/d/ad/sushi-bar-prodava-se-biznes-gr-varna-CID368-IDa1v5K.html?search_reason=search%7Cpromoted,/app/static/media/no_thumbnail.15f456ec5.svg,29 май 2026 г.,NO
друго,"гр. Варна, Гранд Мол Варна",,270,,,Работно място маникюр и педикюр Варна 528.07 лв. / 270 € | Навигиране до основното съдържание Навигиране до долен колонтитул Чат Нотификации Нотификации Твоят профил Добави обява Търсене Назад Заглавна страницаНедвижими имотиНаемиСалони за красотаСалони за красота - Област ВарнаСалони за красота - ВарнаСалони за красота - Гранд Мол Варна ПРОМОТИРАЙ ОБНОВИ Частна ОПИСАНИЕ Салон за красота отдава под наем оборудвано работно място за маникюр и педикюр в нов салон за красота.За повече информация и оглед пишете на лични.Сметките се плащат отделно. ID: 148264162 Докладвай Влез в своя OLX акаунт или,https://www.olx.bg/d/ad/rabotno-myasto-manikyur-i-pedikyur-varna-CID368-IDa26hs.html?search_reason=search%7Cpromoted,/app/static/media/no_thumbnail.15f456ec5.svg,Обновено на 21 юни 2026 г.,NO
апартамент,"гр. Варна, Чаталджа",34,370,10.88,,"Партерно помещение 34 кв.м 723.66 лв. / 370 € | Навигиране до основното съдържание Навигиране до долен колонтитул Чат Нотификации Нотификации Твоят профил Добави обява Търсене Назад Заглавна страницаНедвижими имотиНаемиОфисиОфиси - Област ВарнаОфиси - ВарнаОфиси - Чаталджа ПРОМОТИРАЙ ОБНОВИ Частна Цена на кв.м: 10.88 Квадратура: 34 кв.м Година на строителство: 2006 г. Строителство: Тухла Етаж: Партер Брой етажи на сградата: 5 Последен етаж Отопление: Електричество ОПИСАНИЕ Две преходни помещения, баня тоалет. Обща площ 34 кв.м. Ползвано е като масажно студио, фризьорски и козметичен салон, пед",https://www.olx.bg/d/ad/parterno-pomeschenie-34-kv-m-CID368-IDa2rKa.html?search_reason=search%7Corganic,https://frankfurt.apollo.olxcdn.com:443/v1/files/cm029ton56kh-BG/image;s=216x152;q=50,22 юни 2026 г.,NO
гараж,"гр. Варна, Колхозен пазар",1000,90,0.09,,"Паркомясто под наем в района на Колхозен пазар Варна 176.02 лв. / 90 € | Навигиране до основното съдържание Навигиране до долен колонтитул Чат Нотификации Нотификации Твоят профил Добави обява Търсене Назад Заглавна страницаНедвижими имотиНаемиГаражи, паркоместаГаражи, паркоместа - Област ВарнаГаражи, паркоместа - ВарнаГаражи, паркоместа - Колхозен пазар ПРОМОТИРАЙ ОБНОВИ Частна Цена на кв.м: 0.09 Квадратура: 1000 кв.м Вода: С вода Ток: С ток ОПИСАНИЕ Давам под наем паркомясто в района на гаражите Колхозен пазар тип вътрешен двор с контролиран достъп дистанцинно ID: 148347722 Преглеждания: 13",https://www.olx.bg/d/ad/parkomyasto-pod-naem-v-rayona-na-kolhozen-pazar-varna-CID368-IDa2s1c.html?search_reason=search%7Corganic,/app/static/media/no_thumbnail-x.44c616dc8.svg,22 юни 2026 г.,NO
апартамент,"гр. Варна, Възраждане 1",75,550,7.33,,"Апартамент тристаен 1075.71 лв. / 550 € | Навигиране до основното съдържание Навигиране до долен колонтитул Чат Нотификации Нотификации Твоят профил Добави обява Търсене Назад Заглавна страницаНедвижими имотиНаемиАпартаментиАпартаменти - Област ВарнаАпартаменти - ВарнаАпартаменти - Възраждане 1 ПРОМОТИРАЙ ОБНОВИ Частна Цена на кв.м: 7.33 Тип апартамент: 3 - стаен Квадратура: 75 кв.м Година на строителство: 2008 г. Строителство: Тухла Етаж: 3-ти Брой етажи на сградата: 5 Последен етаж Отопление: Електричество Обзавеждане: Обзаведен Преход: Без преход Особености: асансьор, гараж, хладилник, пера",https://www.olx.bg/d/ad/apartament-tristaen-CID368-IDa2rdQ.html?search_reason=search%7Corganic,https://frankfurt.apollo.olxcdn.com:443/v1/files/zq6pcrfo1u5l2-BG/image;s=216x152;q=50,22 юни 2026 г.,NO
къща,"гр. Варна, м",110,1700,15.45,,"Етаж от къща под наем 3324.91 лв. / 1700 € | Навигиране до основното съдържание Навигиране до долен колонтитул Чат Нотификации Нотификации Твоят профил Добави обява Търсене Назад Заглавна страницаНедвижими имотиНаемиКъщи, вилиКъщи, вили - Област ВарнаКъщи, вили - ВарнаКъщи, вили - м-т Траката ПРОМОТИРАЙ ОБНОВИ Частна Цена на кв.м: 15.45 Брой етажи на сградата: 3 Квадратура: 110 кв.м Квадратура на двора: 590 кв.м Година на строителство: 2005 г. Строителство: Тухла Отопление: Електричество Особености: паркинг ОПИСАНИЕ Инфо за брокер - такса се взема от наемателите Варна Св Константин и Елена/ На",https://www.olx.bg/d/ad/etazh-ot-kascha-pod-naem-CID368-IDa1gdj.html?search_reason=search%7Corganic,https://frankfurt.apollo.olxcdn.com:443/v1/files/ie1uvui6pd7y1-BG/image;s=216x152;q=50,Обновено на 22 юни 2026 г.,NO
апартамент,"гр. Варна, Владислав Варненчик",58,37000,637.93,,Продавам апартамент в град Девня 72365.71 лв. / 37000 € | Навигиране до основното съдържание Навигиране до долен колонтитул Чат Нотификации Нотификации Твоят профил Добави обява Търсене Назад Заглавна страницаНедвижими имотиПродажбиАпартаментиАпартаменти - Област ВарнаАпартаменти - ВарнаАпартаменти - Владислав Варненчик ПРОМОТИРАЙ ОБНОВИ Частна Цена на кв.м: 637.93 Тип апартамент: 3 - стаен Квадратура: 58 кв.м Година на строителство: 1975 г. Строителство: Панел Етаж: 5-ти Брой етажи на сградата: 5 Последен етаж Отопление: Електричество Обзавеждане: Необзаведен Състояние на сградата: Завършена,https://www.olx.bg/d/ad/prodavam-apartament-v-grad-devnya-CID368-ID9HBhm.html?search_reason=search%7Corganic,https://frankfurt.apollo.olxcdn.com:443/v1/files/mbgnm8tt5j4n1-BG/image;s=216x152;q=50,22 юни 2026 г.,NO
къща,"гр. Варна, Морска градина",600,1999000,3331.67,,"Вила к.к. Св.Св. Константин и Елена 3909704.17 лв. / 1999000 € | Навигиране до основното съдържание Навигиране до долен колонтитул Чат Нотификации Нотификации Твоят профил Добави обява Търсене Назад Заглавна страницаНедвижими имотиПродажбиКъщи, вилиКъщи, вили - Област ВарнаКъщи, вили - ВарнаКъщи, вили - Морска градина ПРОМОТИРАЙ ОБНОВИ Частна Цена на кв.м: 3331.67 Брой етажи на сградата: 4 Квадратура: 600 кв.м Квадратура на двора: 4200 кв.м Година на строителство: 2020 г. Строителство: Тухла Отопление: Електричество Състояние на сградата: Завършена Особености: СОТ, гараж, канализация, паркинг,",https://www.olx.bg/d/ad/vila-k-k-sv-sv-konstantin-i-elena-CID368-ID9PpTn.html?search_reason=search%7Corganic,https://frankfurt.apollo.olxcdn.com:443/v1/files/bkp3awqqrrr21-BG/image;s=216x152;q=50,22 юни 2026 г.,NO
апартамент,"гр. Варна, Колхозен пазар",65,163000,2507.69,,Продавам 2 стаен 318800.29 лв. / 163000 € | Навигиране до основното съдържание Навигиране до долен колонтитул Чат Нотификации Нотификации Твоят профил Добави обява Търсене Назад Заглавна страницаНедвижими имотиПродажбиАпартаментиАпартаменти - Област ВарнаАпартаменти - ВарнаАпартаменти - Колхозен пазар ПРОМОТИРАЙ ОБНОВИ Частна Цена на кв.м: 2507.69 Тип апартамент: 2 - стаен Квадратура: 65 кв.м Година на строителство: 2026 г. Строителство: Тухла Етаж: 7-ми Брой етажи на сградата: 8 Отопление: Електричество Обзавеждане: Необзаведен Състояние на сградата: В строеж Преход: Без преход Особености: ас,https://www.olx.bg/d/ad/prodavam-2-staen-CID368-ID9ZY5i.html?search_reason=search%7Corganic,https://frankfurt.apollo.olxcdn.com:443/v1/files/dcoivnm62ib12-BG/image;s=216x152;q=50,22 юни 2026 г.,NO
парцел,"гр. Варна, Трошево",1872,22000,11.75,,"Парцел в с. Николаевка 22 000E 43028.26 лв. / 22000 € | Навигиране до основното съдържание Навигиране до долен колонтитул Чат Нотификации Нотификации Твоят профил Добави обява Търсене Назад Заглавна страницаНедвижими имотиПродажбиПарцелиПарцели - Област ВарнаПарцели - ВарнаПарцели - Трошево ПРОМОТИРАЙ ОБНОВИ Частна Цена на кв.м: 11.75 Квадратура: 1872 кв.м Регулация: В регулация Вода: Без вода Ток: Без ток ОПИСАНИЕ Продавам парцел в с. Николаевка, на 25 км. от гр. Варна, в регулация 1872 кв.м. С път до паррцела. Ток и вода в съседство. ID: 142522135 Докладвай Влез в своя OLX акаунт или създай",https://www.olx.bg/d/ad/partsel-v-s-nikolaevka-22-000e-CID368-ID9E0v7.html?search_reason=search%7Corganic,https://frankfurt.apollo.olxcdn.com:443/v1/files/xyr344ujjwzg2-BG/image;s=216x152;q=50,21 юни 2026 г.,NO
търговски,"гр. Варна, Център",12,10000,833.33,,"Магазин -ПРОДАВА СЕ!!! 19558.30 лв. / 10000 € | Навигиране до основното съдържание Навигиране до долен колонтитул Чат Нотификации Нотификации Твоят профил Добави обява Търсене Назад Заглавна страницаНедвижими имотиНаемиМагазиниМагазини - Област ВарнаМагазини - ВарнаМагазини - Център ПРОМОТИРАЙ ОБНОВИ Частна Цена на кв.м: 833.33 Местоположение: на търговска улица Квадратура: 12 кв.м Година на строителство: 2015 г. Строителство: Панел Брой етажи на сградата: 1 Отопление: Електричество ОПИСАНИЕ Промоция!!! Продавам магазин в центъра на Варна, 12кв,няма вода и санитарен възел.Със собствена партида",https://www.olx.bg/d/ad/magazin-prodava-se-CID368-ID9FQQ0.html?search_reason=search%7Corganic,https://frankfurt.apollo.olxcdn.com:443/v1/files/f3cvr6rviv3o2-BG/image;s=216x152;q=50,21 юни 2026 г.,NO
гараж,"гр. Варна, Победа",2500,35,0.01,,"Паркоместа под наем 68.45 лв. / 35 € | Навигиране до основното съдържание Навигиране до долен колонтитул Чат Нотификации Нотификации Твоят профил Добави обява Търсене Назад Заглавна страницаНедвижими имотиНаемиГаражи, паркоместаГаражи, паркоместа - Област ВарнаГаражи, паркоместа - ВарнаГаражи, паркоместа - Победа ПРОМОТИРАЙ ОБНОВИ Частна Цена на кв.м: 0.01 Квадратура: 2500 кв.м Вода: С вода Ток: С ток ОПИСАНИЕ Отдават се под наем паркоместа в С.О Пчелина, ул.Прилеп. Паркинга е с контролиран достъп и видеонаблюдение. Месечен абонамент 68 лв. за автомобили, бусове, кемпери, лодки и др. ID: 14531",https://www.olx.bg/d/ad/parkomesta-pod-naem-CID368-ID9PHYZ.html?search_reason=search%7Corganic,https://frankfurt.apollo.olxcdn.com:443/v1/files/m4i25yy7ayhj2-BG/image;s=216x152;q=50,21 юни 2026 г.,NO
